{
  "processed_total": 6015,
  "failed_total": 0,
  "perf_index": 999,
  "pressure_score": 1.2455953594741805e-69,
  "quality_factor": 1.0,
  "effective_tps": 16.222699850473525,
  "5min_processed": 0,
  "5min_failed": 0,
  "5min_total": 0,
  "15min_processed": 125,
  "15min_failed": 0,
  "15min_total": 125,
  "60min_processed": 1165,
  "60min_failed": 0,
  "60min_total": 1165,
  "token_total": 23328835,
  "token_total_prompt": 22111184,
  "token_total_completion": 1217651,
  "1min_prompt_tokens": 0,
  "1min_completion_tokens": 0,
  "1min_total_tokens": 0,
  "5min_prompt_tokens": 0,
  "5min_completion_tokens": 0,
  "5min_total_tokens": 0,
  "30min_prompt_tokens": 1956345,
  "30min_completion_tokens": 104495,
  "30min_total_tokens": 2060840,
  "1h_prompt_tokens": 4379334,
  "1h_completion_tokens": 236960,
  "1h_total_tokens": 4616294,
  "6h_prompt_tokens": 22111184,
  "6h_completion_tokens": 1217651,
  "6h_total_tokens": 23328835,
  "24h_prompt_tokens": 22111184,
  "24h_completion_tokens": 1217651,
  "24h_total_tokens": 23328835,
  "avg_tokens_per_log": 175.95177633791133
}