{
  "config_group": "mem_pair_rolling_hier",
  "total_docs": 3609944,
  "ai_processed": 3609944,
  "binary_tp": 745,
  "binary_fp": 5236,
  "binary_tn": 534,
  "binary_fn": 0,
  "binary_precision": 0.12456111018224378,
  "binary_recall": 1.0,
  "binary_f1": 0.22152839726434734,
  "accuracy_5level": 0.051419800460475826,
  "weighted_f1": 0.09500738056428389,
  "precision_high": 0.14516757599376462,
  "recall_high": 1.0,
  "consistency_mean_std": 0.4873269528616603,
  "consistency_benign_mean_std": 0.4910470059369402,
  "consistency_benign_pairs": 131,
  "threat_escalation_rho": 0.14132112666063246,
  "threat_escalation_p_value": 0.10360037094624289,
  "threat_escalation_pairs": 132,
  "latency_p50": 8304.088813,
  "latency_p95": 14934.64402,
  "latency_p99": 15431.367868,
  "per_event_type": {
    "alert": {
      "count": 178,
      "tp": 0,
      "fp": 178,
      "tn": 0,
      "fn": 0,
      "precision": 0.0,
      "recall": 0.0,
      "f1": 0.0
    },
    "http": {
      "count": 461,
      "tp": 0,
      "fp": 323,
      "tn": 138,
      "fn": 0,
      "precision": 0.0,
      "recall": 0.0,
      "f1": 0.0
    },
    "smb": {
      "count": 3924,
      "tp": 0,
      "fp": 3737,
      "tn": 187,
      "fn": 0,
      "precision": 0.0,
      "recall": 0.0,
      "f1": 0.0
    },
    "ssh": {
      "count": 1691,
      "tp": 745,
      "fp": 878,
      "tn": 68,
      "fn": 0,
      "precision": 0.459,
      "recall": 1.0,
      "f1": 0.6292
    },
    "tls": {
      "count": 261,
      "tp": 0,
      "fp": 120,
      "tn": 141,
      "fn": 0,
      "precision": 0.0,
      "recall": 0.0,
      "f1": 0.0
    }
  },
  "total_prompt_tokens": 24050779,
  "total_completion_tokens": 1373172
}