{
  "processed_total": 6515,
  "failed_total": 0,
  "perf_index": 999,
  "pressure_score": 1.6625804073927015e-55,
  "quality_factor": 1.0,
  "effective_tps": 16.78128124966789,
  "5min_processed": 0,
  "5min_failed": 0,
  "5min_total": 0,
  "15min_processed": 145,
  "15min_failed": 0,
  "15min_total": 145,
  "60min_processed": 1265,
  "60min_failed": 0,
  "60min_total": 1265,
  "token_total": 25423951,
  "token_total_prompt": 24050779,
  "token_total_completion": 1373172,
  "1min_prompt_tokens": 0,
  "1min_completion_tokens": 0,
  "1min_total_tokens": 0,
  "5min_prompt_tokens": 0,
  "5min_completion_tokens": 0,
  "5min_total_tokens": 0,
  "30min_prompt_tokens": 1982757,
  "30min_completion_tokens": 113923,
  "30min_total_tokens": 2096680,
  "1h_prompt_tokens": 4751411,
  "1h_completion_tokens": 267009,
  "1h_total_tokens": 5018420,
  "6h_prompt_tokens": 24050779,
  "6h_completion_tokens": 1373172,
  "6h_total_tokens": 25423951,
  "24h_prompt_tokens": 24050779,
  "24h_completion_tokens": 1373172,
  "24h_total_tokens": 25423951,
  "avg_tokens_per_log": 194.80300845313252
}