{
  "processed_total": 6538,
  "failed_total": 0,
  "perf_index": 999,
  "pressure_score": 9.057393670931167e-62,
  "quality_factor": 1.0,
  "effective_tps": 27.299359319671577,
  "5min_processed": 0,
  "5min_failed": 0,
  "5min_total": 0,
  "15min_processed": 168,
  "15min_failed": 0,
  "15min_total": 168,
  "60min_processed": 1288,
  "60min_failed": 0,
  "60min_total": 1288,
  "token_total": 23522329,
  "token_total_prompt": 22181186,
  "token_total_completion": 1341143,
  "1min_prompt_tokens": 0,
  "1min_completion_tokens": 0,
  "1min_total_tokens": 0,
  "5min_prompt_tokens": 0,
  "5min_completion_tokens": 0,
  "5min_total_tokens": 0,
  "30min_prompt_tokens": 1903981,
  "30min_completion_tokens": 117586,
  "30min_total_tokens": 2021567,
  "1h_prompt_tokens": 4541809,
  "1h_completion_tokens": 269660,
  "1h_total_tokens": 4811469,
  "6h_prompt_tokens": 22181186,
  "6h_completion_tokens": 1341143,
  "6h_total_tokens": 23522329,
  "24h_prompt_tokens": 22181186,
  "24h_completion_tokens": 1341143,
  "24h_total_tokens": 23522329,
  "avg_tokens_per_log": 204.72199897971242
}