{
  "processed_total": 6681,
  "failed_total": 0,
  "perf_index": 999,
  "pressure_score": 2.9907618421968954e-58,
  "quality_factor": 1.0,
  "effective_tps": 15.383807814710956,
  "5min_processed": 0,
  "5min_failed": 0,
  "5min_total": 0,
  "15min_processed": 151,
  "15min_failed": 0,
  "15min_total": 151,
  "60min_processed": 1271,
  "60min_failed": 0,
  "60min_total": 1271,
  "token_total": 27243972,
  "token_total_prompt": 25899527,
  "token_total_completion": 1344445,
  "1min_prompt_tokens": 0,
  "1min_completion_tokens": 0,
  "1min_total_tokens": 0,
  "5min_prompt_tokens": 0,
  "5min_completion_tokens": 0,
  "5min_total_tokens": 0,
  "30min_prompt_tokens": 2092147,
  "30min_completion_tokens": 108220,
  "30min_total_tokens": 2200367,
  "1h_prompt_tokens": 5023888,
  "1h_completion_tokens": 252803,
  "1h_total_tokens": 5276691,
  "6h_prompt_tokens": 25899527,
  "6h_completion_tokens": 1344445,
  "6h_total_tokens": 27243972,
  "24h_prompt_tokens": 25899527,
  "24h_completion_tokens": 1344445,
  "24h_total_tokens": 27243972,
  "avg_tokens_per_log": 187.53879137450673
}