{
  "config_group": "mem_pair_hier",
  "total_docs": 3664317,
  "ai_processed": 3664317,
  "binary_tp": 564,
  "binary_fp": 2871,
  "binary_tn": 3153,
  "binary_fn": 0,
  "binary_precision": 0.16419213973799127,
  "binary_recall": 1.0,
  "binary_f1": 0.2820705176294073,
  "accuracy_5level": 0.48375834851244687,
  "weighted_f1": 0.5812778686370628,
  "precision_high": 0.17969996808171082,
  "recall_high": 0.99822695035461,
  "consistency_mean_std": 0.24423863215392824,
  "consistency_benign_mean_std": 0.2457278660703197,
  "consistency_benign_pairs": 136,
  "threat_escalation_rho": 0.1377543214471292,
  "threat_escalation_p_value": 0.10610155416157366,
  "threat_escalation_pairs": 137,
  "latency_p50": 14024.763615,
  "latency_p95": 30723.111147,
  "latency_p99": 31848.391642,
  "per_event_type": {
    "alert": {
      "count": 298,
      "tp": 0,
      "fp": 297,
      "tn": 1,
      "fn": 0,
      "precision": 0.0,
      "recall": 0.0,
      "f1": 0.0
    },
    "http": {
      "count": 468,
      "tp": 0,
      "fp": 1,
      "tn": 467,
      "fn": 0,
      "precision": 0.0,
      "recall": 0.0,
      "f1": 0.0
    },
    "smb": {
      "count": 3977,
      "tp": 0,
      "fp": 2017,
      "tn": 1960,
      "fn": 0,
      "precision": 0.0,
      "recall": 0.0,
      "f1": 0.0
    },
    "ssh": {
      "count": 1557,
      "tp": 564,
      "fp": 498,
      "tn": 495,
      "fn": 0,
      "precision": 0.5311,
      "recall": 1.0,
      "f1": 0.6937
    },
    "tls": {
      "count": 288,
      "tp": 0,
      "fp": 58,
      "tn": 230,
      "fn": 0,
      "precision": 0.0,
      "recall": 0.0,
      "f1": 0.0
    }
  },
  "total_prompt_tokens": 37531639,
  "total_completion_tokens": 1298561
}