{
  "processed_total": 6100,
  "failed_total": 0,
  "perf_index": 999,
  "pressure_score": 7.587936438725229e-69,
  "quality_factor": 1.0,
  "effective_tps": 15.888934793613203,
  "5min_processed": 0,
  "5min_failed": 0,
  "5min_total": 0,
  "15min_processed": 130,
  "15min_failed": 0,
  "15min_total": 130,
  "60min_processed": 1250,
  "60min_failed": 0,
  "60min_total": 1250,
  "token_total": 21865601,
  "token_total_prompt": 20588904,
  "token_total_completion": 1276697,
  "1min_prompt_tokens": 0,
  "1min_completion_tokens": 0,
  "1min_total_tokens": 0,
  "5min_prompt_tokens": 0,
  "5min_completion_tokens": 0,
  "5min_total_tokens": 0,
  "30min_prompt_tokens": 1784079,
  "30min_completion_tokens": 109320,
  "30min_total_tokens": 1893399,
  "1h_prompt_tokens": 4430153,
  "1h_completion_tokens": 260854,
  "1h_total_tokens": 4691007,
  "6h_prompt_tokens": 20588904,
  "6h_completion_tokens": 1276697,
  "6h_total_tokens": 21865601,
  "24h_prompt_tokens": 20588904,
  "24h_completion_tokens": 1276697,
  "24h_total_tokens": 21865601,
  "avg_tokens_per_log": 194.96529913368985
}