{
  "processed_total": 6294,
  "failed_total": 0,
  "perf_index": 999,
  "pressure_score": 1.556910419685445e-74,
  "quality_factor": 1.0,
  "effective_tps": 30.701283951943857,
  "5min_processed": 0,
  "5min_failed": 0,
  "5min_total": 0,
  "15min_processed": 164,
  "15min_failed": 0,
  "15min_total": 164,
  "60min_processed": 1124,
  "60min_failed": 0,
  "60min_total": 1124,
  "token_total": 25515469,
  "token_total_prompt": 24206677,
  "token_total_completion": 1308792,
  "1min_prompt_tokens": 0,
  "1min_completion_tokens": 0,
  "1min_total_tokens": 0,
  "5min_prompt_tokens": 0,
  "5min_completion_tokens": 0,
  "5min_total_tokens": 0,
  "30min_prompt_tokens": 1924625,
  "30min_completion_tokens": 102482,
  "30min_total_tokens": 2027107,
  "1h_prompt_tokens": 4408662,
  "1h_completion_tokens": 236728,
  "1h_total_tokens": 4645390,
  "6h_prompt_tokens": 24206677,
  "6h_completion_tokens": 1308792,
  "6h_total_tokens": 25515469,
  "24h_prompt_tokens": 24206677,
  "24h_completion_tokens": 1308792,
  "24h_total_tokens": 25515469,
  "avg_tokens_per_log": 176.13101814228742
}